config,layer_type,activation,pooling,num_layers,hidden_dim,dropout,val_acc_mean,val_acc_std,test_acc_mean,test_acc_std,test_f1_mean,test_f1_std
f_relu_mean_L2_H128_D0.5_lr0.01,f,relu,mean,2,128,0.5,0.912280701754386,0.024810764252159532,0.8245614035087719,0.024810764252159535,0.7963688163688163,0.029050105458968807
f_relu_sum_L2_H128_D0.5_lr0.01,f,relu,sum,2,128,0.5,0.7192982456140351,0.024810764252159535,0.7543859649122807,0.06564311204866562,0.5976924553940682,0.17262975173928194
